0;EG2888409838;17;1;2019;17388.0;SALMETEROL / FLUTICASONA ACCUHALER POLVO INHALACIÓN PULMONAR 50 MCG / 250 MCG;8143.0;SALMETEROL + FLUTICASONA 50/250 MCG EN 1 DOSIS;1 INHALADOR ACCUHALER DE 60 DOSIS;B27;INHALATORIA/PULMONAR;200609A;SALMETEROL + FLUTICASONA (50/250);R03AK;ADRENERGICOS ASOCIADOS A OTROS ANTIASMATICOS;R03A;ADRENERGICOS INHALADOS (ANTIASMATICOS);R03;ANTIASMATICOS;R;SISTEMA RESPIRATORIO;M;Medicamentos;R03AK06;SALMETEROL Y OTROS AGENTES CONTRA PADECIMIENTOS OBSTRUCTIVOS DE LAS VÍAS RESPIRATORIAS
5;EQ4182766113;28;6;2017;438.0;DEFLAZACORT COMPRIMIDOS 6 MG;3684.0;DEFLAZACORT 6 MG;20 COMPRIMIDOS;B21;ORAL;2546A;DEFLAZACORT;H02AB;GLUCOCORTICODES;H02A;CORTICOSTEROIDES DE USO SISTEMICO, SOLOS;H02;CORTICOSTEROIDES DE USO SISTEMICO;H;HORMONAS SISTEMICAS, EXCL. HORMONAS SEXUALES;M;Medicamentos;H02AB13;DEFLAZACORT
6;EQ8968354536;18;5;2021;3792.0;MOMETASONA SPRAY 50 MCG/1 PULVERIZACION DE 140 PULVERIZACIONES;6723.0;MOMETASONA 50 MCG EN 1 PULVERIZACION;1 SPRAY DE 140 PULVERIZACIONES NASALES;B34;NASAL;2418A;MOMETASONA;R01AD;CORTICOSTEROIDES (NASALES);R01A;DESCONGESTIONANTES NASALES DE USO TOPICO;R01;PREPARACIONES NASALES;R;SISTEMA RESPIRATORIO;M;Medicamentos;R01AD09;MOMETASONA
7;EP2521914794;23;10;2018;1614.0;SIMVASTATINA COMPRIMIDOS 40 MG;2771.0;SIMVASTATINA 40 MG;28 COMPRIMIDOS;B21;ORAL;1023A;SIMVASTATINA;C10AA;INHIBIDORES DE LA HMG-CoA REDUCTASA (HIPOLIPEM.);C10A;REDUCTORES DEL COLESTEROL Y TRIGLICERIDOS;C10;PREPARADOS HIPOLIPEMIANTES/ANTIATEROMATOSOS;C;APARATO CARDIOVASCULAR;M;Medicamentos;C10AA01;SIMVASTATINA
9;EM1754158787;15;3;2020;15243.0;DUTASTERIDE / TAMSULOSINA CLORHIDRATO CAPSULAS DURAS (0,5 / 0,4) MG;16153.0;DUTASTERIDE + TAMSULOSINA (0,5/0,4)MG;30 CAPSULAS DURAS;B21;ORAL;201121A;DUTASTERIDE + TAMSULOSINA;G04CA;ANTAGONISTAS ALFA-ADRENOCEPTORES (M.HIPERT.PROSTAT;G04C;MEDICAMENTOS PARA HIPERTROFIA PROSTATICA BENIGNA;G04;MEDICAMENTOSOS UROLOGICOS;G;APARATO GENITO-URINARIO Y HORMONAS SEXUALES;M;Medicamentos;G04CA52;TAMSULOSINA Y DUTASTERIDA
10;EP6506240697;12;3;2020;16122.0;OLMESARTAN / AMLODIPINO / HIDROCLOROTIAZIDA COMPRIMIDOS RECUBIERTOS CON PELICULA 40 MG / 5 MG / 12,5 MG;17077.0;OLMESARTAN + AMLODIPINO + HIDROCLOROTIAZIDA (40/5/12,5 MG);28 COMPRIMIDOS RECUBIERTOS CON PELICULA;B21;ORAL;201183A;OLMESARTAN + AMLODIPINO + HIDROCLOROTIAZIDA;C09DX;ANTAGONISTAS DE LA ANGIOTENSINA II, OTRAS COMBINACIONES;C09D;ANTAGONISTAS ANGIOTENSINA II EN ASOCIACION;C09;ANTIHIPERTENSIVOS ACCION SISTEMA RENINA-ANGIOTENS.;C;APARATO CARDIOVASCULAR;M;Medicamentos;C09DX03;OLMESARTAN MEDOXOMILO, AMLODIPINO E HIDROCLOROTIAZIDA
11;EQ1498818035;22;4;2021;26.0;ACETILSALICILICO ACIDO COMPRIMIDOS 100 MG;1261.0;ACETILSALICILICO ACIDO 100 MG;30 COMPRIMIDOS;B21;ORAL;176A;ACETILSALICILICO ACIDO;B01AC;INHIBIDORES DE LA AGREGACION PLAQUETARIA;B01A;ANTITROMBOTICOS;B01;ANTITROMBOTICOS;B;SANGRE Y ORGANOS HEMATOPOYETICOS;M;Medicamentos;B01AC06;ÁCIDO ACETILSALICÍLICO
12;EM8521898592;17;2;2020;383.0;CLOPIDOGREL COMPRIMIDOS RECUBIERTOS 75 MG;15810.0;CLOPIDOGREL 75 MG;50 COMPRIMIDOS RECUBIERTOS CON PELICULA;B21;ORAL;7300A;CLOPIDOGREL;B01AC;INHIBIDORES DE LA AGREGACION PLAQUETARIA;B01A;ANTITROMBOTICOS;B01;ANTITROMBOTICOS;B;SANGRE Y ORGANOS HEMATOPOYETICOS;M;Medicamentos;B01AC04;CLOPIDOGREL
193;EM8535017660;29;10;2019;21783.0;APOSITO BASE CON BORDE 7,2 X 5;17792.0;APOSITO BASE CON BORDE 7,2 X 5;10 APOSITOS;B91;OTRAS VIAS;300753A;APOSITO BASE CON BORDE;01D00;APOSITO ESTERIL;01D00;APOSITO ESTERIL;01D;APOSITO;01;ALGODÓN;A;Efectos y Accesorios;-1;[Vacio]
336;EQ0096454970;24;2;2020;15948.0;FORMULAS ESPECIALES CON HIDROLIZADOS DE PROTEINAS NO LACTEAS SIN LACTOSA PARA LACTANTES BOTE DE 400 G;5154.0;FORMULAS ESPECIALES CON HIDROLIZADOS DE PROTEINAS NO LACTEAS SIN LACTOSA PARA LACTANTES;1 BOTE DE 400 G;B91;OTRAS VIAS;300256A;FORMULAS ESPECIALES CON HIDROLIZADOS DE PROTEINAS NO LACTEAS SIN LACTOSA PARA LACTANTES;9LAPN;FORMULAS CON HIDROLIZADOS DE PROTEINAS NO LACTEAS SIN LACTOSA;9LAPN;FORMULAS CON HIDROLIZADOS DE PROTEINAS NO LACTEAS SIN LACTOSA;9LA;ALERGIA E INTOLERANCIA A PROTEÍNAS DE LECHE DE VACA;9L;ALERGIA E INTOLERANCIA A PROTEÍNAS DE LECHE DE VACA;D;Dietas;9LAPN1;FORMULAS CON HIDROLIZADOS DE PROTEINAS NO LACTEAS SIN LACTOSA, LACTANTES Y NIÑOS DE CORTA EDAD
