0;EG2888409838;17/01/2019;SALMETEROL + FLUTICASONA 50/250 MCG EN 1 DOSIS / 1 INHALADOR ACCUHALER DE 60 DOSIS;B27;INHALATORIA/PULMONAR;200609A;R03AK;R03A;ADRENERGICOS INHALADOS (ANTIASMATICOS);R03;ANTIASMATICOS;SISTEMA RESPIRATORIO;M;Medicamentos;SALMETEROL Y OTROS AGENTES CONTRA PADECIMIENTOS OBSTRUCTIVOS DE LAS VÍAS RESPIRATORIAS
5;EQ4182766113;28/06/2017;DEFLAZACORT 6 MG / 20 COMPRIMIDOS;B21;ORAL;2546A;H02AB;H02A;CORTICOSTEROIDES DE USO SISTEMICO, SOLOS;H02;CORTICOSTEROIDES DE USO SISTEMICO;HORMONAS SISTEMICAS, EXCL. HORMONAS SEXUALES;M;Medicamentos;DEFLAZACORT
6;EQ8968354536;18/05/2021;MOMETASONA 50 MCG EN 1 PULVERIZACION / 1 SPRAY DE 140 PULVERIZACIONES NASALES;B34;NASAL;2418A;R01AD;R01A;DESCONGESTIONANTES NASALES DE USO TOPICO;R01;PREPARACIONES NASALES;SISTEMA RESPIRATORIO;M;Medicamentos;MOMETASONA
7;EP2521914794;23/10/2018;SIMVASTATINA 40 MG / 28 COMPRIMIDOS;B21;ORAL;1023A;C10AA;C10A;REDUCTORES DEL COLESTEROL Y TRIGLICERIDOS;C10;PREPARADOS HIPOLIPEMIANTES/ANTIATEROMATOSOS;APARATO CARDIOVASCULAR;M;Medicamentos;SIMVASTATINA
9;EM1754158787;15/03/2020;DUTASTERIDE + TAMSULOSINA (0,5/0,4)MG / 30 CAPSULAS DURAS;B21;ORAL;201121A;G04CA;G04C;MEDICAMENTOS PARA HIPERTROFIA PROSTATICA BENIGNA;G04;MEDICAMENTOSOS UROLOGICOS;APARATO GENITO-URINARIO Y HORMONAS SEXUALES;M;Medicamentos;TAMSULOSINA Y DUTASTERIDA
10;EP6506240697;12/03/2020;OLMESARTAN + AMLODIPINO + HIDROCLOROTIAZIDA (40/5/12,5 MG) / 28 COMPRIMIDOS RECUBIERTOS CON PELICULA;B21;ORAL;201183A;C09DX;C09D;ANTAGONISTAS ANGIOTENSINA II EN ASOCIACION;C09;ANTIHIPERTENSIVOS ACCION SISTEMA RENINA-ANGIOTENS.;APARATO CARDIOVASCULAR;M;Medicamentos;OLMESARTAN MEDOXOMILO, AMLODIPINO E HIDROCLOROTIAZIDA
11;EQ1498818035;22/04/2021;ACETILSALICILICO ACIDO 100 MG / 30 COMPRIMIDOS;B21;ORAL;176A;B01AC;B01A;ANTITROMBOTICOS;B01;ANTITROMBOTICOS;SANGRE Y ORGANOS HEMATOPOYETICOS;M;Medicamentos;ÁCIDO ACETILSALICÍLICO
12;EM8521898592;17/02/2020;CLOPIDOGREL 75 MG / 50 COMPRIMIDOS RECUBIERTOS CON PELICULA;B21;ORAL;7300A;B01AC;B01A;ANTITROMBOTICOS;B01;ANTITROMBOTICOS;SANGRE Y ORGANOS HEMATOPOYETICOS;M;Medicamentos;CLOPIDOGREL
193;EM8535017660;29/10/2019;APOSITO BASE CON BORDE 7,2 X 5 / 10 APOSITOS;B91;OTRAS VIAS;300753A;01D00;01D00;APOSITO ESTERIL;01D;APOSITO;ALGODÓN;A;Efectos y Accesorios;[Vacio]
336;EQ0096454970;24/02/2020;FORMULAS ESPECIALES CON HIDROLIZADOS DE PROTEINAS NO LACTEAS SIN LACTOSA PARA LACTANTES / 1 BOTE DE 400 G;B91;OTRAS VIAS;300256A;9LAPN;9LAPN;FORMULAS CON HIDROLIZADOS DE PROTEINAS NO LACTEAS SIN LACTOSA;9LA;ALERGIA E INTOLERANCIA A PROTEÍNAS DE LECHE DE VACA;ALERGIA E INTOLERANCIA A PROTEÍNAS DE LECHE DE VACA;D;Dietas;FORMULAS CON HIDROLIZADOS DE PROTEINAS NO LACTEAS SIN LACTOSA, LACTANTES Y NIÑOS DE CORTA EDAD
