R03AK;M;R;R03;R03A;17388.0;8143.0;R03AK06;200609A;B27;ADRENERGICOS ASOCIADOS A OTROS ANTIASMATICOS;Medicamentos;SISTEMA RESPIRATORIO;ANTIASMATICOS;ADRENERGICOS INHALADOS (ANTIASMATICOS);SALMETEROL / FLUTICASONA ACCUHALER POLVO INHALACIÓN PULMONAR 50 MCG / 250 MCG;SALMETEROL + FLUTICASONA 50/250 MCG EN 1 DOSIS / 1 INHALADOR ACCUHALER DE 60 DOSIS;SALMETEROL + FLUTICASONA (50/250);SALMETEROL Y OTROS AGENTES CONTRA PADECIMIENTOS OBSTRUCTIVOS DE LAS VÍAS RESPIRATORIAS;INHALATORIA/PULMONAR;EG2888409838;0;17/01/2019
H02AB;M;H;H02;H02A;438.0;3684.0;H02AB13;2546A;B21;GLUCOCORTICODES;Medicamentos;HORMONAS SISTEMICAS, EXCL. HORMONAS SEXUALES;CORTICOSTEROIDES DE USO SISTEMICO;CORTICOSTEROIDES DE USO SISTEMICO, SOLOS;DEFLAZACORT COMPRIMIDOS 6 MG;DEFLAZACORT 6 MG / 20 COMPRIMIDOS;DEFLAZACORT;DEFLAZACORT;ORAL;EQ4182766113;5;28/06/2017
R01AD;M;R;R01;R01A;3792.0;6723.0;R01AD09;2418A;B34;CORTICOSTEROIDES (NASALES);Medicamentos;SISTEMA RESPIRATORIO;PREPARACIONES NASALES;DESCONGESTIONANTES NASALES DE USO TOPICO;MOMETASONA SPRAY 50 MCG/1 PULVERIZACION DE 140 PULVERIZACIONES;MOMETASONA 50 MCG EN 1 PULVERIZACION / 1 SPRAY DE 140 PULVERIZACIONES NASALES;MOMETASONA;MOMETASONA;NASAL;EQ8968354536;6;18/05/2021
C10AA;M;C;C10;C10A;1614.0;2771.0;C10AA01;1023A;B21;INHIBIDORES DE LA HMG-CoA REDUCTASA (HIPOLIPEM.);Medicamentos;APARATO CARDIOVASCULAR;PREPARADOS HIPOLIPEMIANTES/ANTIATEROMATOSOS;REDUCTORES DEL COLESTEROL Y TRIGLICERIDOS;SIMVASTATINA COMPRIMIDOS 40 MG;SIMVASTATINA 40 MG / 28 COMPRIMIDOS;SIMVASTATINA;SIMVASTATINA;ORAL;EP2521914794;7;23/10/2018
G04CA;M;G;G04;G04C;15243.0;16153.0;G04CA52;201121A;B21;ANTAGONISTAS ALFA-ADRENOCEPTORES (M.HIPERT.PROSTAT;Medicamentos;APARATO GENITO-URINARIO Y HORMONAS SEXUALES;MEDICAMENTOSOS UROLOGICOS;MEDICAMENTOS PARA HIPERTROFIA PROSTATICA BENIGNA;DUTASTERIDE / TAMSULOSINA CLORHIDRATO CAPSULAS DURAS (0,5 / 0,4) MG;DUTASTERIDE + TAMSULOSINA (0,5/0,4)MG / 30 CAPSULAS DURAS;DUTASTERIDE + TAMSULOSINA;TAMSULOSINA Y DUTASTERIDA;ORAL;EM1754158787;9;15/03/2020
C09DX;M;C;C09;C09D;16122.0;17077.0;C09DX03;201183A;B21;ANTAGONISTAS DE LA ANGIOTENSINA II, OTRAS COMBINACIONES;Medicamentos;APARATO CARDIOVASCULAR;ANTIHIPERTENSIVOS ACCION SISTEMA RENINA-ANGIOTENS.;ANTAGONISTAS ANGIOTENSINA II EN ASOCIACION;OLMESARTAN / AMLODIPINO / HIDROCLOROTIAZIDA COMPRIMIDOS RECUBIERTOS CON PELICULA 40 MG / 5 MG / 12,5 MG;OLMESARTAN + AMLODIPINO + HIDROCLOROTIAZIDA (40/5/12,5 MG) / 28 COMPRIMIDOS RECUBIERTOS CON PELICULA;OLMESARTAN + AMLODIPINO + HIDROCLOROTIAZIDA;OLMESARTAN MEDOXOMILO, AMLODIPINO E HIDROCLOROTIAZIDA;ORAL;EP6506240697;10;12/03/2020
B01AC;M;B;B01;B01A;26.0;1261.0;B01AC06;176A;B21;INHIBIDORES DE LA AGREGACION PLAQUETARIA;Medicamentos;SANGRE Y ORGANOS HEMATOPOYETICOS;ANTITROMBOTICOS;ANTITROMBOTICOS;ACETILSALICILICO ACIDO COMPRIMIDOS 100 MG;ACETILSALICILICO ACIDO 100 MG / 30 COMPRIMIDOS;ACETILSALICILICO ACIDO;ÁCIDO ACETILSALICÍLICO;ORAL;EQ1498818035;11;22/04/2021
B01AC;M;B;B01;B01A;383.0;15810.0;B01AC04;7300A;B21;INHIBIDORES DE LA AGREGACION PLAQUETARIA;Medicamentos;SANGRE Y ORGANOS HEMATOPOYETICOS;ANTITROMBOTICOS;ANTITROMBOTICOS;CLOPIDOGREL COMPRIMIDOS RECUBIERTOS 75 MG;CLOPIDOGREL 75 MG / 50 COMPRIMIDOS RECUBIERTOS CON PELICULA;CLOPIDOGREL;CLOPIDOGREL;ORAL;EM8521898592;12;17/02/2020
01D00;A;01;01D;01D00;21783.0;17792.0;-1;300753A;B91;APOSITO ESTERIL;Efectos y Accesorios;ALGODÓN;APOSITO;APOSITO ESTERIL;APOSITO BASE CON BORDE 7,2 X 5;APOSITO BASE CON BORDE 7,2 X 5 / 10 APOSITOS;APOSITO BASE CON BORDE;[Vacio];OTRAS VIAS;EM8535017660;193;29/10/2019
9LAPN;D;9L;9LA;9LAPN;15948.0;5154.0;9LAPN1;300256A;B91;FORMULAS CON HIDROLIZADOS DE PROTEINAS NO LACTEAS SIN LACTOSA;Dietas;ALERGIA E INTOLERANCIA A PROTEÍNAS DE LECHE DE VACA;ALERGIA E INTOLERANCIA A PROTEÍNAS DE LECHE DE VACA;FORMULAS CON HIDROLIZADOS DE PROTEINAS NO LACTEAS SIN LACTOSA;FORMULAS ESPECIALES CON HIDROLIZADOS DE PROTEINAS NO LACTEAS SIN LACTOSA PARA LACTANTES BOTE DE 400 G;FORMULAS ESPECIALES CON HIDROLIZADOS DE PROTEINAS NO LACTEAS SIN LACTOSA PARA LACTANTES / 1 BOTE DE 400 G;FORMULAS ESPECIALES CON HIDROLIZADOS DE PROTEINAS NO LACTEAS SIN LACTOSA PARA LACTANTES;FORMULAS CON HIDROLIZADOS DE PROTEINAS NO LACTEAS SIN LACTOSA, LACTANTES Y NIÑOS DE CORTA EDAD;OTRAS VIAS;EQ0096454970;336;24/02/2020
